,,,,,,,,,
???  WASTE ELIMINATION TRACKER  |  8 WASTES (DOWNTIME)  |  MUDA · MURA · MURI,,,,,,,,,
,,,,,,,,,
,WASTE TYPE,ACRONYM,DESCRIPTION,EXAMPLES IN MANUFACTURING,DETECTION METHOD,SEVERITY,KAIZEN LINKED,SAVINGS EST.,
,Defects,D,Non-conforming product requiring rework or scrap,Scrap parts · Rework stations · Customer returns · Warranty claims,SPC charts · DPMO · Pareto,HIGH,"KZ-042, KZ-038","$252,000",
,Overproduction,O,Producing more than needed before it is needed,Large batch sizes · Push production · Excess WIP · Storage costs,VSM · WIP levels · Takt time,HIGH,KZ-045,"$95,000",
,Waiting,W,"Idle time waiting for materials, info, or equipment",Machine breakdown · Material shortage · Approval delays · Changeover,OEE · Time studies · VSM,HIGH,"KZ-044, KZ-049","$282,000",
,Non-Utilised Talent,N,"Underusing people's skills, knowledge, and creativity",Operators fixing own machines · Ideas not acted on · No suggestion system,Engagement surveys · Kaizen ideas,MEDIUM,KZ-050,"$44,000",
,Transport,T,Unnecessary movement of materials or products,Long material routes · Double handling · Poorly laid-out flow,Spaghetti diagram · VSM,MEDIUM,KZ-043,"$28,000",
,Inventory,I,Excess materials beyond what is needed for production,Raw material stockpiles · WIP buffers · Finished goods over-stock,Inventory turns · Min-max · VSM,HIGH,KZ-046,"$67,000",
,Motion,M,Unnecessary movement of people,Reaching for tools · Walking for materials · Searching for items,Motion study · Spaghetti diagram · 5S,MEDIUM,KZ-041,"$82,000",
,Extra Processing,E,Doing more work than the customer requires,Over-polishing · Redundant inspections · Over-engineered processes,Process audit · VA/NVA analysis,MEDIUM,KZ-048,"$38,000",
